{
  "total_papers": 103,
  "train": {
    "papers": 71,
    "characters": 15056938,
    "words": 2066373,
    "paper_ids": [
      "2407.20964v4",
      "2302.02709v2",
      "1410.1175v2",
      "2404.19526v2",
      "1907.03363v5",
      "1711.03816v1",
      "0804.2907v1",
      "1610.09758v2",
      "1101.3216v2",
      "1501.02499v1",
      "2111.06514v2",
      "1710.01791v3",
      "2303.16380v1",
      "2305.19438v4",
      "1209.2199v3",
      "1401.8048v1",
      "2112.12828v5",
      "2202.03357v1",
      "1610.08297v2",
      "1209.5461v4",
      "2206.10780v5",
      "1508.04715v2",
      "1803.04993v6",
      "0809.0305v2",
      "1504.00609v2",
      "1404.5346v1",
      "1009.6032v1",
      "0710.0631v1",
      "0804.1561v1",
      "2005.12336v2",
      "0712.0155v1",
      "0706.3359v1",
      "2503.12771v1",
      "0802.0999v1",
      "1712.00835v2",
      "1304.7798v2",
      "2006.04855v2",
      "1606.01989v2",
      "2107.01732v4",
      "0804.2902v2",
      "1411.7108v2",
      "1002.0888v2",
      "1404.2460v1",
      "1909.08775v3",
      "2006.13414v1",
      "1404.6257v1",
      "1106.4789v1",
      "1810.11912v4",
      "2202.01372v3",
      "1706.05362v1",
      "2301.07257v3",
      "2212.08270v2",
      "2209.10454v1",
      "1108.4417v2",
      "2303.02837v2",
      "0905.2720v1",
      "1506.04293v3",
      "2305.01012v2",
      "2107.12251v2",
      "1401.6996v1",
      "1307.5124v1",
      "1705.06728v3",
      "1001.2933v4",
      "1602.04251v3",
      "0902.0948v2",
      "1506.04086v2",
      "2507.17138v1",
      "1810.00844v4",
      "2004.14192v2",
      "1804.03275v3",
      "1306.3621v2"
    ]
  },
  "val": {
    "papers": 9,
    "characters": 1724143,
    "words": 246103,
    "paper_ids": [
      "1603.03854v2",
      "1703.04612v1",
      "2004.14387v3",
      "1304.2832v4",
      "0812.4512v3",
      "1311.3167v2",
      "2112.11614v5",
      "2412.16795v4",
      "1901.03928v6"
    ]
  },
  "test": {
    "papers": 23,
    "characters": 5108794,
    "words": 724109,
    "paper_ids": [
      "2006.03494v3",
      "2004.05183v2",
      "1206.1407v2",
      "2412.15549v1",
      "0710.5939v3",
      "1805.11965v5",
      "1805.11559v3",
      "1209.2459v5",
      "2404.02001v3",
      "0712.0157v2",
      "1802.01579v1",
      "1004.0616v1",
      "1108.3103v2",
      "0905.4795v2",
      "2308.03663v3",
      "1709.09993v2",
      "1605.02391v3",
      "1510.07698v2",
      "2506.20028v1",
      "1506.04087v1",
      "1611.00592v1",
      "0807.3720v1",
      "2109.08563v3"
    ]
  },
  "split_ratios": {
    "train": 0.7,
    "val": 0.1,
    "test": 0.2
  },
  "random_seed": 42
}